대상가구수,평균사용량,평균금액,평균기온,평균최저기온,평균최고기온,등록공장수,총인구수,세대수,세대당 인구,남자 인구수,여자 인구수
897269,217.75,24620,4.4,1.7,8.1,3814,1540540,720119,2.14,774866,765674
899904,218.27,24827,5.0,0.9,9.6,3807,1539521,721003,2.14,774358,765163
900828,202.68,21955,8.7,3.6,13.9,3822,1538577,721794,2.13,773983,764594
901586,204.32,22727,11.8,7.1,16.4,3815,1537780,722573,2.13,773468,764312
904355,190.28,20049,18.3,14.3,22.9,3809,1538639,724966,2.12,773923,764716
906239,190.11,20000,24.1,20.1,28.2,3671,1539282,726980,2.12,774325,764957
907916,190.92,18488,22.4,19.6,25.5,3692,1540094,728771,2.11,774913,765181
916202,241.45,29561,0.6,-3.9,5.7,3740,1541696,736825,2.09,775727,765969
918965,233.29,27842,4.9,0.0,10.3,3749,1540875,737787,2.09,775186,765689
920635,196.75,20846,9.7,5.0,14.8,3765,1536399,735644,2.09,773248,763151
924530,198.25,21585,13.8,8.9,18.9,3771,1536175,736749,2.09,773037,763138
924895,186.52,19509,17.9,13.4,22.5,3780,1535491,736980,2.08,772893,762598
926596,189.67,19729,22.0,18.4,25.9,3800,1535530,738068,2.08,772949,762581
928277,201.16,20485,26.7,23.1,30.8,3803,1536140,739290,2.08,773232,762908
939100,233.21,28446,1.5,-2.4,6.4,3850,1538660,747023,2.06,774315,764345
939618,233.12,28643,2.0,-2.2,7.1,3858,1539051,748626,2.06,774543,764508
941331,201.67,22599,9.0,4.5,13.4,3863,1539036,750531,2.05,774522,764514
943055,204.26,22585,16.1,11.0,21.0,3880,1539038,751554,2.05,774562,764476
943407,182.9,19991,20.3,15.1,25.3,3894,1539005,752649,2.04,774458,764547
944357,186.02,20328,23.6,19.9,27.2,3906,1539064,753336,2.04,774405,764659
946903,217.98,23677,26.3,23.6,29.8,3924,1539178,754257,2.04,774387,764791
955129,237.46,32914,2.4,-1.5,7.5,3994,1535373,755474,2.03,772297,763076
955609,230.74,33256,5.2,1.0,9.8,4011,1534067,756314,2.03,771758,762309
957265,190.53,25344,12.1,7.0,17.3,4037,1533719,758123,2.02,771574,762145
959473,192.57,26087,15.3,10.2,20.2,4046,1533356,758699,2.02,771382,761974
960027,182.03,24217,20.3,15.1,25.1,4051,1533081,759593,2.02,771322,761759
960872,183.97,25925,23.2,19.0,27.6,4044,1532617,759954,2.02,771147,761470
963272,206.25,28532,27.5,24.1,31.4,4068,1532050,760211,2.02,770730,761320
973070,228.28,34735,2.2,-1.4,6.1,4112,1526243,760361,2.01,767496,758747
973800,225.4,34235,3.6,0.6,7.4,4117,1524624,760929,2.0,766727,757897
6121391,252.86,28579,0.9,-3.6,6.3,70136,13250368,5480444,2.42,6665310,6585058
6140581,252.21,28477,2.0,-3.1,7.7,70272,13265377,5497087,2.41,6672706,6592671
6150584,237.53,25716,7.4,0.3,14.6,69391,13288975,5514938,2.41,6684759,6604216
6174621,239.73,26370,10.8,3.5,18.1,69273,13311254,5529263,2.41,6696531,6614723
6193786,224.77,23596,17.8,12.4,23.9,69272,13324041,5547190,2.4,6703603,6620438
6202968,233.28,25018,23.5,18.5,29.0,69413,13338020,5566078,2.4,6711047,6626973
6215709,242.54,24518,23.2,19.6,27.6,69811,13351891,5584110,2.39,6717812,6634079
6295229,278.99,33082,-3.4,-9.2,2.5,70400,13449499,5694934,2.36,6765862,6683637
6307064,268.61,30886,2.0,-4.4,8.8,70420,13471758,5717252,2.36,6777066,6694692
6324492,231.02,23777,8.4,1.9,15.3,70754,13465837,5719333,2.35,6776866,6688971
6350969,237.53,25084,13.5,6.6,20.3,71030,13479798,5735887,2.35,6784466,6695332
6363127,225.83,22961,16.3,10.9,22.2,71234,13488910,5749175,2.35,6789327,6699583
6371178,235.48,24508,22.3,17.3,28.1,71417,13500688,5763227,2.34,6795088,6705600
6383242,277.39,30499,26.6,22.0,32.2,71511,13512867,5776653,2.34,6801008,6711859
6440570,273.68,33011,-2.8,-8.9,3.4,72246,13571450,5850373,2.32,6830317,6741133
6465624,270.98,32529,-1.3,-7.7,5.2,72391,13574369,5861240,2.32,6831902,6742467
6472993,240.36,26526,7.0,0.7,13.6,72552,13575936,5871380,2.31,6832830,6743106
6445369,244.29,26676,13.8,6.6,21.6,72833,13577808,5880097,2.31,6833859,6743949
6454798,222.55,23685,18.3,10.9,25.6,72963,13581496,5890145,2.31,6835968,6745528
6468970,231.03,25075,22.8,18.0,28.0,73075,13585967,5898050,2.3,6838396,6747571
6482716,291.14,33726,26.2,22.3,30.8,73206,13589362,5904582,2.3,6840138,6749224
6576913,273.82,36970,-2.7,-8.3,3.1,73974,13596091,5918630,2.3,6842226,6753865
6586562,264.87,36966,1.6,-4.4,8.1,74110,13600800,5927894,2.29,6844167,6756633
6600009,226.96,29310,9.2,1.0,17.5,74348,13603546,5936411,2.29,6845505,6758041
6611133,232.9,30511,13.2,6.6,19.9,74529,13607919,5942067,2.29,6847848,6760071
6623662,222.23,28696,18.6,12.0,25.2,74718,13612597,5948920,2.29,6850133,6762464
6632715,232.39,31986,23.1,18.1,28.3,74962,13618969,5956358,2.29,6852980,6765989
6647386,277.42,39325,25.9,22.4,30.4,75190,13623055,5962224,2.28,6854747,6768308
6734290,269.37,29494,-1.2,-5.4,3.5,75757,13635250,5984576,2.28,6857867,6777383
6744632,263.51,29739,3.0,-1.6,8.4,75806,13639616,5994965,2.28,6859811,6779805
1836129,221.81,24677,5.6,2.2,9.5,19564,3361344,1453042,2.31,1691504,1669840
1842304,222.92,24917,6.5,2.1,11.3,19604,3358828,1455655,2.31,1690600,1668228
1845433,208.37,22415,10.1,5.4,14.8,19595,3355341,1458567,2.3,1689137,1666204
1846882,208.37,22804,12.4,7.5,17.4,19535,3353380,1461207,2.29,1688178,1665202
1847125,195.66,20523,17.8,14.1,22.6,19411,3351347,1465556,2.29,1687289,1664058
1847693,198.39,20709,22.5,18.7,27.4,19401,3349454,1468692,2.28,1686331,1663123
1850631,204.09,19502,22.3,20.2,25.4,19341,3347637,1470937,2.28,1685427,1662210
1851656,259.75,27135,27.1,24.6,30.3,19359,3345169,1473746,2.27,1684134,1661035
1852832,265.6,30541,21.4,18.3,25.0,19399,3343770,1476628,2.26,1683263,1660507
1853462,193.29,19593,16.2,12.3,21.1,19360,3342831,1478602,2.26,1682733,1660098
1848767,201.97,21205,11.3,7.3,15.9,19385,3341063,1481086,2.26,1681719,1659344
1849334,216.27,23664,3.6,-0.1,8.0,19447,3340216,1484601,2.25,1681423,1658793
1850706,240.4,28293,2.9,-1.3,7.2,19412,3338396,1487083,2.24,1680383,1658013
1851600,228.73,26024,6.6,2.2,11.3,19395,3336045,1490502,2.24,1679295,1656750
1851931,200.75,20810,10.8,6.4,15.6,19430,3330463,1490880,2.23,1677021,1653442
1854396,204.24,21797,14.3,9.4,19.7,19489,3329623,1493396,2.23,1676550,1653073
1857098,193.36,19983,17.8,13.7,22.2,19511,3327298,1494518,2.23,1675389,1651909
1858836,198.62,20531,21.7,18.3,25.8,19458,3325840,1496137,2.22,1674612,1651228
1861340,228.02,23863,26.1,23.4,29.5,19455,3324735,1498081,2.22,1674003,1650732
1862133,294.35,34089,25.8,23.0,29.2,19474,3322373,1499638,2.22,1672737,1649636
1863632,237.06,25341,22.3,19.6,25.6,19480,3319271,1501655,2.21,1671042,1648229
1864341,201.97,21579,17.4,13.5,22.4,19515,3318161,1503397,2.21,1670394,1647767
1864864,204.35,22199,10.9,6.6,16.1,19542,3316365,1504605,2.2,1669512,1646853
1865039,214.01,23775,5.3,1.0,9.6,19573,3314183,1505971,2.2,1668338,1645845
1865630,234.03,27754,2.9,-1.2,7.5,19593,3311438,1506797,2.2,1666968,1644470
1863518,231.94,27348,3.3,-0.9,7.8,19600,3307005,1508852,2.19,1664907,1642098
1865456,205.96,22581,10.0,5.3,14.9,19619,3303274,1510929,2.19,1663146,1640128
1867717,207.75,22556,14.6,10.0,19.7,19630,3300692,1512847,2.18,1661866,1638826
1867876,190.44,20443,18.8,13.8,24.2,19665,3298016,1514453,2.18,1660600,1637416
1869569,196.6,21430,21.7,19.2,25.0,19673,3295615,1515190,2.18,1659245,1636370
1586466,204.35,22420,3.9,-0.3,8.8,15116,2662508,1228044,2.17,1340346,1322162
1587795,205.79,22660,4.6,-0.7,10.9,15152,2658956,1229265,2.16,1338907,1320049
1586315,192.24,20467,8.7,2.1,15.7,15198,2653418,1231572,2.15,1336289,1317129
1589412,193.7,20946,11.8,4.8,18.9,15101,2651054,1235801,2.15,1334981,1316073
1589270,180.46,18596,18.5,12.9,25.2,15114,2648760,1239069,2.14,1333815,1314945
1592342,182.99,18844,23.5,18.1,29.9,15142,2646493,1241310,2.13,1332780,1313713
1595859,184.28,17370,22.4,19.5,26.4,15182,2644001,1242701,2.13,1331461,1312540
1605801,221.36,25215,0.0,-5.6,6.3,15104,2637639,1256416,2.1,1328384,1309255
1607704,212.17,23468,4.7,-1.7,11.6,15129,2636747,1259684,2.09,1328167,1308580
1608180,183.73,18254,9.2,3.1,15.8,15182,2635563,1262718,2.09,1327990,1307573
1609182,187.99,19291,13.1,6.6,19.9,15217,2635896,1265410,2.08,1328240,1307656
1609588,177.48,17581,17.4,11.5,23.8,15243,2633592,1265179,2.08,1327307,1306285
1610450,181.86,17973,22.3,17.7,27.5,15290,2632401,1266588,2.08,1326844,1305557
1613565,198.61,19355,26.1,21.9,31.1,15311,2631649,1268267,2.07,1326218,1305431
1613252,215.97,25480,0.6,-5.0,7.6,15480,2624310,1277295,2.05,1322509,1301801
1614484,215.32,25475,1.2,-4.5,7.7,15500,2622026,1279337,2.05,1321638,1300388
1615444,188.27,20535,8.7,2.1,15.7,15532,2619641,1281587,2.04,1320888,1298753
1616380,191.71,20640,14.4,6.8,22.0,15530,2617552,1282737,2.04,1320018,1297534
1617518,174.39,18570,19.5,11.8,27.4,15543,2616177,1284046,2.04,1319332,1296845
1618669,181.41,19661,23.1,18.2,28.7,15562,2613963,1284663,2.03,1318198,1295765
1619741,226.93,25409,26.4,22.6,31.3,15582,2612016,1285289,2.03,1317139,1294877
1629034,217.35,29119,0.8,-4.9,7.6,15809,2597527,1286840,2.02,1310583,1286944
1632220,211.6,29637,3.8,-2.3,10.8,15811,2594399,1288685,2.01,1309417,1284982
1633193,177.72,23152,10.5,3.3,18.6,15836,2593210,1291726,2.01,1309056,1284154
1634549,181.48,24116,13.9,6.7,20.5,15873,2592205,1292951,2.0,1308840,1283365
1636372,172.75,22651,18.2,12.1,24.4,15901,2590726,1294627,2.0,1308195,1282531
1640918,177.35,24575,23.2,18.1,29.4,15737,2588860,1295243,2.0,1307284,1281576
1641116,202.47,27714,26.4,22.4,31.8,15753,2564065,1282140,2.0,1294579,1269486
1643919,208.91,30947,2.0,-2.9,8.0,15889,2551370,1281979,1.99,1288999,1262371
1644894,206.65,30439,5.0,0.6,10.2,15925,2548440,1283187,1.99,1287853,1260587
747606,240.06,25894,4.6,1.2,9.0,4590,1456688,617379,2.36,720931,735757
748222,242.12,26306,5.3,0.8,10.6,4580,1456121,618503,2.35,720686,735435
748985,226.31,23514,9.0,3.8,15.2,4450,1455705,620050,2.35,720460,735245
752517,229.82,24332,11.5,6.2,18.0,4290,1456096,622374,2.34,720536,735560
752566,216.18,21872,18.8,14.2,24.4,4251,1455533,624687,2.33,720300,735233
754051,221.74,22611,23.6,19.6,28.8,4256,1455048,626386,2.32,720060,734988
755194,229.39,21952,23.4,20.8,26.8,4290,1454709,627676,2.32,719860,734849
758548,258.89,28742,1.4,-2.6,6.4,4350,1449115,634859,2.28,716929,732186
760593,250.55,27180,5.1,0.4,10.7,4364,1447953,635999,2.28,716331,731622
760166,217.41,21295,10.6,5.6,17.0,4390,1445473,636160,2.27,715226,730247
761634,224.31,22602,14.9,9.7,20.9,4413,1444787,637169,2.27,714834,729953
763368,211.77,20515,18.4,13.4,24.0,4432,1443154,637364,2.26,714101,729053
763947,220.84,21817,23.3,19.2,28.3,4439,1442647,638270,2.26,713793,728854
760941,249.66,25704,27.0,23.6,31.4,4452,1442482,639333,2.26,713626,728856
774491,247.79,28254,1.6,-2.3,6.7,4504,1441636,646429,2.23,713037,728599
774582,248.0,28314,1.8,-2.4,7.2,4507,1440032,647419,2.22,712199,727833
775540,219.96,23161,9.6,4.5,15.6,4526,1438463,648252,2.22,711289,727174
776955,225.36,23564,15.5,9.8,22.6,4545,1436916,648653,2.22,710524,726392
778855,205.05,20943,19.3,13.8,26.1,4563,1436012,649454,2.21,710062,725950
779208,213.65,22148,23.8,20.1,29.0,4583,1435378,650131,2.21,709685,725693
779834,269.72,29691,27.0,23.8,31.1,4595,1434703,650708,2.2,709305,725398
783091,247.05,31153,1.7,-2.5,6.7,4647,1429816,652374,2.19,706724,723092
783318,241.2,32016,4.2,-0.5,10.1,4658,1428927,653209,2.19,706167,722760
786074,207.4,25782,11.2,5.1,18.2,4691,1427508,653806,2.18,705471,722037
787353,214.52,27077,14.7,9.4,20.8,4701,1426625,654192,2.18,704974,721651
789482,204.69,25451,19.4,14.9,25.0,4719,1425739,654682,2.18,704489,721250
790308,213.53,28225,23.4,19.5,28.8,4733,1424818,655025,2.18,703887,720931
791540,248.68,33280,26.3,23.4,30.3,4753,1424305,655435,2.17,703548,720757
797850,241.97,34194,3.0,-0.5,7.3,4719,1418241,655359,2.16,700377,717864
798544,239.67,33731,6.1,2.3,10.6,4713,1417031,656017,2.16,699715,717316
1205330,241.59,26043,3.8,0.1,8.4,8072,2436488,1032478,2.36,1204387,1232101
1206343,242.79,26319,4.9,0.2,10.4,8065,2432883,1033349,2.35,1202364,1230519
1209408,229.16,23907,9.5,3.6,15.8,7922,2433568,1037956,2.34,1202273,1231295
1210346,231.15,24388,12.6,6.5,19.0,7934,2431523,1041932,2.33,1200899,1230624
1210674,215.54,21627,19.4,14.0,25.7,7976,2429059,1044412,2.33,1199504,1229555
1211536,224.73,23090,24.5,19.3,30.5,8013,2427954,1046585,2.32,1198815,1229139
1213348,230.36,22254,23.2,20.2,26.8,8039,2428022,1048735,2.32,1198621,1229401
1213769,259.98,28856,0.5,-4.3,5.9,8085,2415813,1058117,2.28,1191656,1224157
1214816,251.63,27285,4.8,-0.6,11.1,8094,2413191,1059963,2.28,1190244,1222947
1214843,218.16,21199,10.2,4.7,16.1,8131,2408875,1060866,2.27,1188070,1220805
1216366,224.53,22376,14.5,8.8,20.6,8168,2406296,1061829,2.27,1186663,1219633
1220023,210.84,20100,18.3,12.8,24.3,8197,2402940,1061872,2.26,1184977,1217963
1221778,220.48,21559,23.2,18.9,28.5,8208,2397646,1059826,2.26,1182380,1215266
1223107,244.62,23987,26.9,22.9,32.1,8214,2395749,1060394,2.26,1181351,1214398
1220497,251.49,28788,0.9,-4.1,6.8,8218,2383858,1064438,2.24,1174667,1209191
1220904,251.98,28904,1.6,-3.4,7.4,8218,2381095,1065477,2.23,1173039,1208056
1219746,222.6,23365,9.7,3.8,15.9,8247,2380494,1068557,2.23,1172632,1207862
1221948,227.63,23589,15.9,9.4,22.7,8268,2378573,1069411,2.22,1171451,1207122
1225740,207.97,21053,20.7,14.1,27.4,8274,2376676,1070212,2.22,1170309,1206367
1227517,222.42,23341,24.3,19.8,29.7,8286,2375306,1070705,2.22,1169571,1205735
1229277,289.66,33502,27.5,23.7,32.4,8316,2374120,1071366,2.22,1168845,1205275
1249247,249.91,31833,0.9,-4.3,6.7,8334,2362880,1071182,2.21,1162217,1200663
1251683,245.1,32833,4.4,-0.7,10.4,8344,2360662,1072255,2.2,1160942,1199720
1254773,209.25,25894,11.8,5.4,18.8,8365,2358988,1073400,2.2,1159876,1199112
1257144,215.16,26978,14.8,8.8,20.9,8384,2357881,1074370,2.19,1159042,1198839
1259016,205.07,25308,19.3,13.8,25.1,8399,2357032,1075529,2.19,1158397,1198635
1260614,217.29,28695,24.0,19.3,29.6,8622,2356416,1076379,2.19,1157923,1198493
1264992,252.73,34176,26.7,23.1,31.1,8620,2379086,1091073,2.18,1169503,1209583
1298246,243.13,34660,2.3,-2.1,7.6,8607,2373844,1094529,2.17,1166110,1207734
1300410,240.62,34104,5.4,1.5,10.4,8616,2372008,1095812,2.16,1165024,1206984
779668,224.15,23499,2.7,-1.2,7.8,3155,1474152,636203,2.32,736259,737893
779990,225.45,23798,3.6,-1.2,9.3,3172,1473125,637726,2.31,735791,737334
781226,210.03,21133,8.5,2.3,15.0,3146,1471858,638921,2.3,735179,736679
780729,215.11,22027,11.5,5.2,18.7,3101,1471650,640500,2.3,734902,736748
782774,199.13,19347,18.8,13.9,24.4,3116,1471915,643220,2.29,734940,736975
782461,205.89,20237,24.1,20.0,29.0,3117,1471040,644764,2.28,734441,736599
782387,215.3,20448,23.6,20.7,27.2,3151,1470225,646211,2.28,734008,736217
785115,243.91,26435,-1.0,-6.0,4.6,3269,1463291,654078,2.24,730396,732895
785595,239.46,25654,4.0,-1.6,10.0,3289,1462064,655842,2.23,729663,732401
785755,203.39,19313,9.6,4.0,15.9,3292,1458463,655196,2.23,728075,730388
785582,212.09,20810,14.7,8.9,20.9,3312,1457619,656007,2.22,727522,730097
788383,197.17,18417,17.7,12.8,23.1,3338,1457161,657087,2.22,727279,729882
788831,206.66,19732,23.5,19.1,28.5,3358,1456107,657781,2.21,726666,729441
780409,230.3,23196,27.8,24.0,32.3,3364,1455300,658831,2.21,726281,729019
790611,235.0,26326,-0.8,-5.9,5.2,3488,1451272,664804,2.18,724026,727246
790812,236.92,26779,0.1,-5.2,6.1,3503,1450862,666643,2.18,723812,727050
790900,207.82,21521,8.3,2.5,14.5,3509,1450057,667934,2.17,723361,726696
790677,215.63,22071,14.9,8.3,21.9,3529,1449360,668599,2.17,723063,726297
791172,193.76,19317,19.4,12.7,26.3,3540,1448933,669589,2.16,722840,726093
792555,200.47,20223,24.1,19.8,29.4,3552,1448401,670279,2.16,722517,725884
792378,254.18,27762,27.0,23.4,31.5,3569,1448182,671127,2.16,722366,725816
795389,238.31,29910,-0.9,-5.9,5.3,3674,1445806,673759,2.15,721037,724769
795499,234.66,31302,2.4,-2.9,8.8,3693,1445875,675760,2.14,721195,724680
796919,198.01,24456,10.2,3.0,17.8,3700,1445519,677326,2.13,721051,724468
796992,205.46,25728,13.7,7.6,19.9,3724,1445214,677706,2.13,720934,724280
797035,194.39,23889,19.0,13.2,25.0,3740,1445221,678666,2.13,720874,724347
798727,203.28,26525,23.6,18.9,29.2,3722,1445126,679151,2.13,720783,724343
801354,234.84,31395,25.8,22.6,30.2,3741,1444898,679611,2.13,720637,724261
808018,231.0,32462,0.3,-3.9,5.3,3825,1441562,680459,2.12,719008,722554
809324,230.71,32479,4.3,0.2,9.1,3837,1441536,682238,2.11,718931,722605
1692810,240.46,26621,6.4,3.1,10.9,10374,3411819,1499152,2.28,1674202,1737617
1695814,242.65,27035,7.1,3.1,11.8,10375,3410925,1502333,2.27,1673266,1737659
1697638,226.71,24090,10.4,6.4,15.0,10366,3409932,1505897,2.26,1672252,1737680
1701204,230.57,24828,12.6,8.9,17.5,10371,3408347,1507504,2.26,1671199,1737148
1701418,213.51,21771,17.9,15.0,21.8,10376,3406942,1511199,2.25,1670175,1736767
1704717,216.03,22054,22.4,19.5,26.6,10393,3404423,1513956,2.25,1668618,1735805
1705416,220.61,21000,22.1,20.3,24.8,10351,3402776,1517200,2.24,1667613,1735163
1716952,259.16,29547,3.3,-0.8,7.9,10499,3389388,1532700,2.21,1659527,1729861
1717002,250.07,27727,7.2,3.2,11.9,10507,3387761,1536242,2.21,1658540,1729221
1719544,215.0,21305,11.4,7.7,15.9,10534,3372399,1527830,2.21,1651804,1720595
1721700,223.05,22741,14.7,10.8,19.7,10613,3369704,1529794,2.2,1650252,1719452
1726843,209.14,20396,17.7,14.7,21.5,10645,3367334,1532053,2.2,1648965,1718369
1728096,217.02,21543,21.9,19.3,25.4,10679,3364358,1533514,2.19,1647291,1717067
1731034,242.02,24276,26.3,24.0,29.5,10682,3361781,1535294,2.19,1645794,1715987
1737741,248.57,28506,4.0,0.0,9.2,10763,3348874,1546414,2.17,1638207,1710667
1717997,250.85,29315,3.6,-0.5,8.8,10770,3347396,1549967,2.16,1637111,1710285
1722026,221.01,23670,10.5,6.8,14.8,10807,3343504,1551767,2.15,1634958,1708546
1726489,226.15,23949,14.9,11.4,19.1,10860,3340214,1553032,2.15,1633170,1707044
1728411,206.03,21192,19.0,15.3,23.4,10905,3338167,1555326,2.15,1631825,1706342
1730594,211.91,22059,21.7,19.4,24.9,10929,3336737,1556938,2.14,1630944,1705793
1733481,261.13,28750,26.2,23.7,29.7,10960,3334595,1558052,2.14,1629643,1704952
1740119,248.18,32034,3.8,-0.2,8.9,10928,3316107,1556086,2.13,1618749,1697358
1742852,244.58,33159,6.8,2.9,11.8,10955,3315516,1559593,2.13,1618202,1697314
1743998,208.12,25983,12.3,8.5,17.0,10945,3313539,1561008,2.12,1616930,1696609
1746937,216.4,27512,14.6,11.0,19.0,10960,3311402,1561666,2.12,1615593,1695809
1752949,205.92,25758,17.9,14.9,21.6,10979,3309261,1562595,2.12,1614226,1695035
1756039,214.66,28518,22.5,19.9,26.0,10992,3306993,1563362,2.12,1613071,1693922
1759506,242.69,32493,25.5,23.3,28.5,11004,3305052,1564252,2.11,1611959,1693093
1768983,242.59,34755,5.1,1.3,9.8,11051,3290964,1564763,2.1,1603859,1687105
1772699,241.62,34557,7.4,4.2,11.5,11074,3289401,1567409,2.1,1602971,1686430
4705280,233.97,26193,1.6,-1.7,5.9,11549,9733509,4334918,2.25,4745088,4988421
4707557,233.18,26031,2.5,-1.3,7.2,11529,9736962,4345877,2.24,4745133,4991829
4714415,220.35,23630,7.7,2.6,13.3,11529,9733655,4354006,2.24,4742217,4991438
4723785,221.53,23921,11.1,6.3,16.6,11527,9726787,4361645,2.23,4737843,4988944
4731749,208.21,21524,18.0,13.7,23.3,11560,9724496,4373610,2.22,4735431,4989065
4738702,222.3,24056,23.9,19.9,29.0,11550,9720846,4384076,2.22,4732275,4988571
4746749,237.6,24826,24.1,21.1,28.0,11589,9715429,4391545,2.21,4728872,4986557
4777855,257.2,30216,-2.4,-6.8,2.2,11650,9657969,4421022,2.18,4695999,4961970
4784548,245.3,27807,2.7,-2.2,7.9,11630,9648606,4427814,2.18,4690282,4958324
4787473,210.51,21305,9.0,4.3,14.8,11595,9598484,4400403,2.18,4667524,4930960
4793381,216.16,22312,14.2,9.5,19.5,11661,9588711,4403263,2.18,4661711,4927000
4798550,205.77,20498,17.1,12.8,21.9,11676,9575355,4403381,2.17,4654720,4920635
4803182,218.22,22594,22.8,18.9,27.6,11692,9565990,4405638,2.17,4649442,4916548
4809953,270.04,30938,28.1,24.6,32.2,11655,9558153,4409964,2.17,4645177,4912976
3995818,233.27,27293,-2.2,-6.2,2.6,11597,9505926,4430541,2.15,4615631,4890295
4761227,245.38,29316,-1.1,-5.3,3.8,11562,9508451,4442586,2.14,4615823,4892628
4764225,218.35,23943,7.7,3.2,12.7,11552,9506778,4451444,2.14,4613910,4892868
4768114,220.14,23731,14.8,10.0,20.6,11538,9500480,4455106,2.13,4610082,4890398
4770008,201.56,21156,19.1,13.9,25.0,11567,9496887,4460604,2.13,4607440,4889447
4773180,213.74,23177,23.3,19.8,27.5,11568,9494807,4464840,2.13,4605655,4889152
4779332,277.03,32985,27.3,24.2,31.0,11579,9493211,4469392,2.12,4604405,4888806
4807229,247.22,33227,-1.5,-5.7,3.2,11197,9424873,4447861,2.12,4567739,4857134
4813757,237.7,32909,2.3,-1.9,7.3,11186,9427583,4457982,2.11,4567957,4859626
4818859,204.32,26256,9.8,4.2,16.2,11173,9426404,4463385,2.11,4566299,4860105
4821114,209.6,27168,13.8,8.8,19.0,11160,9422710,4465391,2.11,4563512,4859198
4825130,200.67,25795,19.5,14.6,25.0,11163,9418885,4467999,2.11,4560702,4858183
4828850,215.99,29845,23.4,19.7,27.9,11171,9414093,4469158,2.11,4557609,4856484
4834192,266.43,38599,26.7,23.9,30.2,11185,9411260,4471174,2.1,4555784,4855476
4874414,241.96,31450,-0.5,-3.9,3.6,11217,9384325,4471017,2.1,4538354,4845971
4877485,235.37,30234,3.8,0.2,8.2,11210,9386705,4480607,2.09,4538306,4848399
166462,272.72,29812,2.1,-1.7,7.1,805,342328,136056,2.52,170729,171599
166425,275.16,30368,2.9,-1.9,8.3,804,343788,136629,2.52,171403,172385
167551,256.59,26781,7.8,1.7,14.3,802,344792,137208,2.51,171951,172841
169350,260.61,28001,10.8,4.3,17.9,806,345216,137500,2.51,172176,173040
170352,241.36,24664,18.2,13.0,24.0,807,345373,137893,2.5,172269,173104
172189,247.53,25488,23.2,18.9,28.5,787,345341,138167,2.5,172234,173107
172280,259.25,26486,23.2,20.1,27.1,774,346217,138720,2.5,172660,173557
177603,287.63,32905,-1.7,-6.6,3.3,764,357871,145403,2.46,178656,179215
177640,291.19,33496,3.2,-2.2,9.0,759,359569,146323,2.46,179528,180041
179034,242.89,24120,8.8,3.2,15.1,759,360462,146763,2.46,180030,180432
181729,252.2,26483,13.9,8.1,20.1,761,361396,147292,2.45,180462,180934
182064,235.05,23250,16.8,11.7,22.4,764,362036,147848,2.45,180778,181258
182105,247.31,25091,22.6,18.2,27.8,764,362995,148604,2.44,181328,181667
181737,262.42,27572,26.9,23.0,31.7,769,364364,149580,2.44,181996,182368
185670,282.32,33156,-1.4,-6.6,4.2,775,374377,154890,2.42,186907,187470
185657,288.78,34577,-0.4,-5.6,5.2,778,376399,155990,2.41,187858,188541
185680,256.63,27568,7.7,1.9,13.9,771,377296,156696,2.41,188356,188940
185889,269.7,29213,14.2,7.7,21.6,778,378196,157270,2.4,188778,189418
186004,242.57,25336,18.4,11.7,25.3,781,379340,157846,2.4,189302,190038
186053,248.33,26127,23.3,19.0,28.7,781,380215,158258,2.4,189723,190492
186157,291.24,33259,26.4,22.9,30.9,783,380889,158495,2.4,190038,190851
188082,297.45,38491,-1.2,-6.1,4.4,793,384496,159556,2.41,191769,192727
188130,295.0,41278,2.0,-3.2,8.1,793,385285,160012,2.41,192110,193175
188256,250.0,31781,9.6,2.6,17.1,798,385609,160320,2.41,192212,193397
188401,259.3,33688,13.3,7.3,19.4,798,385825,160474,2.4,192316,193509
188935,245.57,31048,18.5,12.8,24.4,802,386050,160604,2.4,192393,193657
189992,254.42,34042,23.1,18.3,28.5,803,386126,160615,2.4,192435,193691
191456,278.24,38682,25.6,22.7,29.9,809,386192,160562,2.41,192449,193743
193822,285.25,41969,0.1,-3.8,4.8,830,386944,160942,2.4,192704,194240
193871,288.14,42669,4.0,-0.1,8.7,833,387193,161303,2.4,192836,194357
576430,238.08,26351,5.2,1.8,9.5,2867,1147037,469007,2.45,589233,557804
576344,241.79,27015,6.0,1.4,11.0,2863,1145710,469551,2.44,588626,557084
576392,227.6,24385,9.6,4.6,14.9,2848,1144563,470294,2.43,588127,556436
577010,231.96,25373,12.3,7.0,18.0,2826,1144098,471153,2.43,587902,556196
577013,214.86,22304,18.1,13.9,23.3,2830,1143148,472255,2.42,587434,555714
576940,216.95,22517,22.7,18.5,27.6,2839,1142190,472983,2.41,586939,555251
577954,220.08,21499,22.1,19.8,25.3,2846,1141362,473640,2.41,586533,554829
578261,259.39,29626,2.1,-2.6,6.8,2905,1135370,478531,2.37,583402,551968
579012,252.72,28340,6.5,1.6,11.9,2904,1132953,479441,2.36,582190,550763
578846,216.83,21677,10.5,5.9,15.4,2910,1129254,478528,2.36,580424,548830
578899,226.37,23538,13.8,9.1,19.0,2920,1128163,478865,2.36,579853,548310
578805,212.82,21252,17.8,13.1,22.7,2936,1127175,479362,2.35,579316,547859
578214,220.27,22307,21.7,18.2,25.8,2930,1126369,479971,2.35,578924,547445
577891,234.99,23330,25.9,22.8,29.8,2926,1125727,480623,2.34,578511,547216
579319,250.82,29052,2.6,-1.7,8.0,2955,1121100,482917,2.32,575939,545161
570267,254.09,30083,2.7,-1.8,7.7,2964,1119446,483490,2.32,575165,544281
570228,223.27,24321,9.9,4.9,15.0,2973,1118010,484122,2.31,574444,543566
570590,231.37,24950,14.7,9.8,20.1,2998,1117204,484641,2.31,573984,543220
570404,209.54,22038,19.2,13.8,24.9,3009,1116482,485349,2.3,573619,542863
570296,216.4,23054,22.4,19.1,26.6,3020,1115609,485652,2.3,573152,542457
570177,265.24,29920,26.0,22.9,30.0,2995,1114753,485759,2.29,572615,542138
574389,250.03,32455,2.6,-2.1,7.9,3042,1110074,486281,2.28,570113,539961
574333,248.29,34227,5.2,0.6,10.4,3053,1108665,486823,2.28,569576,539089
574955,210.85,26918,11.4,6.3,17.2,3070,1107746,487241,2.27,569131,538615
575727,218.39,28448,14.1,9.2,18.8,3081,1107134,487447,2.27,568824,538310
577656,207.4,26418,17.8,13.3,22.5,3090,1106446,487873,2.27,568518,537928
579297,214.75,29085,22.3,18.4,26.9,3101,1106015,488421,2.26,568302,537713
580565,239.05,32534,25.8,22.5,29.8,3107,1105326,488828,2.26,567947,537379
584146,245.23,35734,3.4,-0.7,8.3,3111,1103402,490987,2.25,567081,536321
584381,247.29,36095,6.0,2.5,10.0,3100,1102161,491670,2.24,566604,535557
1395640,245.66,27528,1.8,-0.8,5.0,12057,2956119,1239915,2.38,1481749,1474370
1398843,245.21,27435,2.5,-0.6,6.2,12116,2954955,1242107,2.38,1481133,1473822
1401555,229.76,24584,7.1,3.3,11.2,12077,2952689,1243983,2.37,1479839,1472850
1403509,232.09,25213,10.4,7.1,14.3,12097,2950972,1246255,2.37,1478916,1472056
1405882,217.81,22596,16.7,13.5,20.7,12131,2950063,1249739,2.36,1478307,1471756
1407041,224.58,23657,21.8,18.7,25.8,12200,2947217,1251818,2.35,1476813,1470404
1408358,232.98,22964,23.2,20.8,26.2,12331,2945565,1253957,2.35,1475837,1469728
1428581,268.33,31296,-2.0,-5.9,1.8,12243,2942452,1270669,2.32,1473639,1468813
1432139,257.44,29090,2.1,-2.0,6.3,12286,2941705,1273377,2.31,1473245,1468460
1433628,222.1,22564,7.7,4.2,12.3,12341,2936461,1272361,2.31,1470750,1465711
1438517,227.52,23652,13.2,9.6,17.3,12421,2936214,1275194,2.3,1470490,1465724
1439554,215.71,21563,16.2,12.7,20.2,12450,2936382,1277842,2.3,1470528,1465854
1442128,224.09,22860,21.6,18.6,25.3,12503,2936367,1280291,2.29,1470544,1465823
1438852,270.41,29753,27.2,24.6,30.4,12450,2937440,1283524,2.29,1470985,1466455
1472121,259.87,30823,-2.2,-5.6,1.7,12649,2949150,1300292,2.27,1476663,1472487
1473401,257.83,30267,-1.3,-4.5,2.4,12672,2950978,1303227,2.26,1477432,1473546
1478842,228.39,24751,6.7,3.3,10.8,12710,2952699,1306725,2.26,1478272,1474427
1473840,231.01,24763,12.9,9.4,17.3,12814,2953260,1308777,2.26,1478514,1474746
1476685,210.85,22000,17.1,13.5,21.4,12912,2955167,1311588,2.25,1479428,1475739
1480225,218.81,23278,21.9,19.2,25.4,12969,2957066,1313975,2.25,1480432,1476634
1485904,277.94,31722,26.2,23.8,29.5,13072,2960580,1317046,2.25,1482177,1478403
1513232,258.82,34373,-1.6,-5.1,2.2,13288,2969502,1324140,2.24,1486300,1483202
1514791,251.06,34418,1.6,-1.6,5.4,13328,2971788,1326947,2.24,1487333,1484455
1516351,216.39,27611,8.1,4.0,13.0,13362,2974481,1330898,2.23,1488490,1485991
1526056,220.73,28497,12.7,8.8,17.0,13407,2976338,1333148,2.23,1489277,1487061
1527258,210.76,26882,18.0,14.5,22.4,13451,2978089,1335225,2.23,1490065,1488024
1533782,219.78,29863,21.8,19.0,25.4,13523,2978749,1336603,2.23,1490345,1488404
1537868,266.85,37521,25.7,23.4,28.4,13570,2981553,1339361,2.23,1491638,1489915
1553748,257.86,30582,-0.6,-3.6,2.7,13717,3000454,1352622,2.22,1500414,1500040
1556279,251.67,29560,3.3,0.2,6.9,13748,3003150,1355494,2.22,1501543,1501607
1038960,212.49,24068,5.8,3.2,9.2,7060,1864712,872739,2.14,935962,928750
1039679,215.16,24533,6.4,3.0,10.5,7094,1861894,873871,2.13,934900,926994
1043162,196.96,21475,9.9,5.9,14.1,7066,1859290,875423,2.12,933896,925394
1046390,199.42,22625,12.5,8.6,17.0,7089,1857083,877388,2.12,932970,924113
1047139,187.61,20351,18.0,15.2,21.3,7117,1855945,880440,2.11,932496,923449
1049196,187.56,19919,22.4,19.8,25.7,7143,1854618,882615,2.1,931898,922720
1051168,190.47,18414,22.6,21.1,25.0,7161,1853339,884043,2.1,931280,922059
1053399,240.79,24756,27.1,25.3,29.7,7186,1851985,885676,2.09,930466,921519
1056018,249.64,28613,22.2,19.9,24.8,7162,1851124,887358,2.09,930076,921048
1057091,183.84,19058,17.3,14.3,21.0,7188,1850680,888724,2.08,929911,920769
1059067,190.9,20378,12.1,8.9,16.0,7220,1850557,890570,2.08,929986,920571
1060399,203.66,22398,4.3,1.0,8.3,7226,1851549,893152,2.07,930615,920934
1061990,227.64,26575,2.9,-0.6,6.9,7255,1850575,894611,2.07,930132,920443
1065215,219.71,25112,6.2,2.6,10.5,7282,1849795,896411,2.06,929889,919906
1067970,189.46,19608,11.0,7.8,15.0,7317,1844811,895024,2.06,927884,916927
1071696,193.04,20868,14.7,11.0,18.8,7360,1844148,896392,2.06,927667,916481
1071950,181.82,19058,18.1,15.1,21.6,7401,1842423,896634,2.05,927074,915349
1074699,185.37,19359,22.3,20.0,25.4,7432,1840921,897529,2.05,926398,914523
1073630,207.12,22081,26.5,24.5,29.1,7455,1839698,898434,2.05,925751,913947
1075007,268.74,31446,26.8,24.7,29.4,7473,1838353,899309,2.04,924912,913441
1076783,223.89,24579,23.2,21.2,25.6,7493,1835690,900110,2.04,923651,912039
1077656,189.88,20961,18.6,15.6,22.3,7515,1834653,901203,2.04,923037,911616
1079924,191.02,21371,12.1,8.8,16.4,7541,1833864,902193,2.03,922677,911187
1082556,199.47,22662,5.7,2.2,9.7,7520,1832803,903108,2.03,922221,910582
1083606,219.62,26740,3.3,-0.1,7.6,7533,1832604,903758,2.03,922190,910414
1085191,220.21,27032,3.1,-0.3,7.4,7548,1831451,905202,2.02,921753,909698
1086294,190.96,21771,9.7,6.1,13.9,7579,1829501,905818,2.02,920971,908530
1090388,195.49,22193,14.7,11.4,18.6,7610,1828550,906664,2.02,920492,908058
1092167,176.75,19941,18.9,15.3,23.3,7628,1827674,907606,2.01,920050,907624
1096486,179.58,20372,21.9,19.9,24.7,7653,1826440,907953,2.01,919417,907023
1006872,219.32,24310,2.3,-2.1,7.7,6939,1817302,817017,2.22,903385,913917
1008562,222.38,24932,3.2,-2.1,9.5,6970,1815112,818452,2.22,902365,912747
1009574,203.6,21821,7.1,0.4,14.0,6999,1812936,820140,2.21,901252,911684
1012745,206.78,23028,9.6,2.4,17.0,7027,1811619,821517,2.21,900628,910991
1014255,193.35,20572,17.8,12.2,23.8,7040,1810097,824032,2.2,899894,910203
1016263,194.58,20441,23.1,18.3,28.7,7063,1808802,826134,2.19,899137,909665
1017757,196.42,18861,22.9,20.1,26.8,7103,1808044,827895,2.18,898719,909325
1027590,236.66,27182,-0.9,-6.5,5.2,7290,1802748,838242,2.15,896115,906633
1029074,228.98,25808,3.4,-2.4,9.9,7319,1801319,840063,2.14,895485,905834
1030950,195.07,19751,9.3,2.8,16.4,7362,1797450,839942,2.14,893974,903476
1033076,202.07,21480,13.7,7.1,20.4,7384,1796331,841378,2.13,893415,902916
1034447,189.06,19314,17.2,11.2,23.3,7394,1794682,841543,2.13,892833,901849
1035353,193.25,19737,22.5,17.5,28.4,7411,1794345,842662,2.13,892670,901675
1029926,211.57,22027,26.6,22.2,31.8,7419,1793902,843708,2.13,892487,901415
1038605,227.03,26897,-0.7,-6.0,5.4,7490,1785392,849366,2.1,888291,897101
1040751,228.39,27395,-0.3,-6.1,5.6,7522,1783923,850567,2.1,887611,896312
1041940,197.62,21863,7.9,1.2,14.7,7544,1782205,851558,2.09,886928,895277
1043932,203.81,22518,13.8,6.4,21.5,7569,1780824,852086,2.09,886274,894550
1044504,183.11,20197,18.0,10.6,25.3,7580,1779230,852829,2.09,885475,893755
1045550,186.7,20713,23.3,18.9,28.7,7457,1778279,853717,2.08,884908,893371
1047471,225.72,25033,26.2,22.3,31.1,7474,1776949,854552,2.08,884164,892785
1055749,227.53,30164,-0.7,-6.3,5.4,7519,1768229,856232,2.07,879922,888307
1056826,222.07,31315,2.1,-3.9,8.9,7537,1766524,857504,2.06,879065,887459
1059832,186.14,24714,9.3,1.3,17.1,7570,1765175,858935,2.06,878456,886719
1061614,192.19,26187,13.2,6.2,19.9,7578,1764181,859599,2.05,877966,886215
1062207,181.77,24195,18.2,12.5,24.6,7606,1763004,860284,2.05,877382,885622
1063654,185.76,26261,22.6,17.8,28.5,7623,1762021,860761,2.05,876978,885043
1063407,209.35,29004,25.8,22.6,30.4,7618,1761169,861288,2.04,876459,884710
1075108,219.96,32359,1.1,-3.3,6.2,7665,1752921,861029,2.04,872493,880428
1076412,217.39,32103,4.6,-0.1,9.8,7686,1751318,861966,2.03,871830,879488
1229420,215.44,23820,1.3,-3.4,6.7,10679,2122455,960438,2.21,1081552,1040903
1230425,216.18,24047,1.9,-3.6,7.9,10698,2120995,961890,2.21,1081153,1039842
1231885,200.39,21277,6.8,-0.3,13.9,10735,2119749,963547,2.2,1080705,1039044
1234942,202.56,22226,10.2,2.5,17.3,10773,2118457,964860,2.2,1080256,1038201
1235777,189.48,19761,17.4,11.9,23.5,10767,2118510,967947,2.19,1080425,1038085
1237991,192.67,20034,22.6,17.6,28.1,10776,2119771,971033,2.18,1081224,1038547
1240509,198.04,19319,22.8,19.6,26.6,10816,2120692,973444,2.18,1081752,1038940
1254167,234.32,27110,-2.8,-8.9,3.3,11008,2119837,984768,2.15,1082095,1037742
1255123,227.71,25815,2.1,-4.2,8.7,11019,2119542,987100,2.15,1082026,1037516
1257988,192.6,19449,8.0,1.5,14.9,11063,2115823,985844,2.15,1080841,1034982
1259479,198.36,20845,13.0,6.2,19.5,11139,2116452,987866,2.14,1081275,1035177
1260310,186.86,18796,15.9,10.1,21.7,11158,2117260,989963,2.14,1081854,1035406
1263010,193.61,19674,21.8,16.9,27.3,11168,2117400,991636,2.14,1082113,1035287
1258456,214.73,22729,26.2,21.8,31.2,11171,2118205,993794,2.13,1082654,1035551
1275427,228.0,27346,-2.7,-8.9,3.6,11349,2118638,1003132,2.11,1083242,1035396
1278025,228.02,27557,-1.4,-7.3,4.7,11381,2118912,1005290,2.11,1083507,1035405
1279010,198.19,21954,6.9,0.5,13.4,11398,2119099,1007776,2.1,1083753,1035346
1280191,203.17,22348,13.1,5.6,20.9,11429,2119296,1009254,2.1,1083970,1035326
1285538,182.13,19945,17.4,9.8,24.8,11458,2119661,1010866,2.1,1084296,1035365
1291567,186.78,20600,22.5,17.7,27.7,11498,2120201,1012446,2.09,1084712,1035489
1294411,228.9,25889,25.8,22.1,30.3,11518,2121011,1013955,2.09,1085037,1035974
1313631,228.69,30965,-2.2,-7.9,3.8,11582,2122913,1020071,2.08,1086686,1036227
1315601,222.99,31786,1.2,-4.6,7.7,11584,2123625,1022584,2.08,1087162,1036463
1316053,186.63,24841,8.6,0.7,16.8,11602,2124650,1025100,2.07,1087705,1036945
1324957,190.48,25876,12.9,5.9,19.8,11633,2125333,1026355,2.07,1088126,1037207
1325407,180.67,24054,18.0,11.3,24.5,11648,2125833,1027858,2.07,1088548,1037285
1329754,187.06,26381,22.6,17.4,27.9,11654,2126374,1029072,2.07,1088924,1037450
1332533,215.54,30375,25.4,22.3,29.6,11695,2126640,1030071,2.06,1089245,1037395
1352518,223.42,33390,-0.7,-5.1,3.9,11885,2130509,1036685,2.06,1092059,1038450
1354940,220.63,32936,3.4,-1.1,8.4,11916,2131309,1039375,2.05,1092711,1038598
926680,213.85,23974,0.6,-3.9,6.2,8942,1599391,722726,2.21,810129,789262
929059,213.02,23962,1.8,-3.5,7.7,8933,1598599,723931,2.21,809805,788794
932635,196.63,21124,7.0,-0.2,14.2,8946,1597639,725289,2.2,809369,788270
934399,199.1,22123,10.2,2.7,17.7,8920,1596613,726381,2.2,809005,787608
936097,185.5,19603,17.8,11.9,24.0,8922,1596710,729270,2.19,809114,787596
937749,189.74,20186,23.4,18.3,29.2,8897,1597593,732285,2.18,809657,787936
939451,194.56,19236,23.1,19.6,27.3,8928,1597936,734112,2.18,809841,788095
950804,233.02,27959,-3.6,-9.6,2.7,9086,1599658,746441,2.14,811057,788601
952440,225.5,26403,1.7,-4.7,8.4,9103,1599122,747979,2.14,810751,788371
953070,189.46,19778,8.1,1.8,14.9,9108,1595714,747313,2.14,809457,786257
954780,194.98,21162,13.1,6.3,19.7,9104,1596303,748975,2.13,809679,786624
956971,182.37,18976,16.2,10.3,22.2,9083,1596955,750635,2.13,809946,787009
958975,189.34,19870,22.1,17.3,27.6,9043,1597503,752237,2.12,810225,787278
960173,207.97,21937,26.4,21.9,31.7,9051,1597501,753893,2.12,810258,787243
967573,226.26,27192,-3.4,-9.4,3.0,9155,1597097,761737,2.1,810548,786549
970148,226.29,27447,-2.0,-8.2,4.4,9171,1597022,763610,2.09,810649,786373
970627,195.39,21712,6.7,0.4,13.2,9217,1597484,766005,2.09,811004,786480
971194,201.12,22131,13.4,5.9,21.1,9224,1597284,767041,2.08,811063,786221
973304,179.51,19608,17.8,10.1,25.3,9282,1597033,768171,2.08,811009,786024
974071,184.66,20388,22.9,17.7,28.3,9327,1597118,769180,2.08,811127,785991
976218,231.28,26309,26.0,22.3,30.5,9360,1597163,770205,2.07,811286,785877
984960,231.67,31566,-3.1,-8.6,3.1,9494,1594459,772155,2.06,810740,783719
985443,224.79,32097,0.9,-4.9,7.4,9529,1593434,773184,2.06,810305,783129
987651,185.15,24559,8.6,0.8,17.0,9560,1594056,775386,2.06,810811,783245
988723,189.9,25803,13.0,5.9,19.7,9589,1594109,776038,2.05,810806,783303
992171,178.65,23753,18.4,11.4,24.9,9628,1594007,776795,2.05,810783,783224
992625,184.74,26176,22.8,17.7,28.4,9651,1593931,777614,2.05,810748,783183
993614,214.2,30193,25.9,22.4,30.4,9690,1594240,778481,2.05,810943,783297
1006622,222.74,33410,-1.2,-5.4,3.6,9825,1592155,779404,2.04,809830,782325
1007371,219.92,32938,3.1,-1.2,8.1,9832,1590947,779904,2.04,809319,781628
