지역명,연,월,대상가구수,평균사용량,평균금액
강원도,2020,1,897269,217.75,24620
강원도,2020,2,899904,218.27,24827
강원도,2020,3,900828,202.68,21955
강원도,2020,4,901586,204.32,22727
강원도,2020,5,904355,190.28,20049
강원도,2020,6,906239,190.11,20000
강원도,2020,7,907916,190.92,18488
강원도,2020,8,907387,219.79,20650
강원도,2020,9,910359,238.6,25593
강원도,2020,10,912266,188.96,19359
강원도,2020,11,914573,199.67,21341
강원도,2020,12,916076,211.9,23398
강원도,2021,1,916202,241.45,29561
강원도,2021,2,918965,233.29,27842
강원도,2021,3,920635,196.75,20846
강원도,2021,4,924530,198.25,21585
강원도,2021,5,924895,186.52,19509
강원도,2021,6,926596,189.67,19729
강원도,2021,7,928277,201.16,20485
강원도,2021,8,929418,267.69,30309
강원도,2021,9,933426,209.52,21220
강원도,2021,10,935167,190.76,20348
강원도,2021,11,936843,201.34,22206
강원도,2021,12,938097,208.7,23504
강원도,2022,1,939100,233.21,28446
강원도,2022,2,939618,233.12,28643
강원도,2022,3,941331,201.67,22599
강원도,2022,4,943055,204.26,22585
강원도,2022,5,943407,182.9,19991
강원도,2022,6,944357,186.02,20328
강원도,2022,7,946903,217.98,23677
강원도,2022,8,947782,254.06,27423
강원도,2022,9,948906,217.89,22962
강원도,2022,10,950310,188.27,21101
강원도,2022,11,951916,198.02,23729
강원도,2022,12,954646,209.46,25652
강원도,2023,1,955129,237.46,32914
강원도,2023,2,955609,230.74,33256
강원도,2023,3,957265,190.53,25344
강원도,2023,4,959473,192.57,26087
강원도,2023,5,960027,182.03,24217
강원도,2023,6,960872,183.97,25925
강원도,2023,7,963272,206.25,28532
강원도,2023,8,965304,260.68,36901
강원도,2023,9,966666,229.02,32071
강원도,2023,10,967157,188.44,26280
강원도,2023,11,969193,193.04,27266
강원도,2023,12,970151,206.95,29994
강원도,2024,1,973070,228.28,34735
강원도,2024,2,973800,225.4,34235
강원도,2024,3,974296,201.25,28924
강원도,2024,4,974764,194.88,28334
강원도,2024,5,975259,177.53,25398
강원도,2024,6,976303,182.65,26697
강원도,2024,7,981088,206.88,29198
경기도,2020,1,6121391,252.86,28579
경기도,2020,2,6140581,252.21,28477
경기도,2020,3,6150584,237.53,25716
경기도,2020,4,6174621,239.73,26370
경기도,2020,5,6193786,224.77,23596
경기도,2020,6,6202968,233.28,25018
경기도,2020,7,6215709,242.54,24518
경기도,2020,8,6224987,286.98,29710
경기도,2020,9,6240156,304.62,35774
경기도,2020,10,6254682,226.39,23657
경기도,2020,11,6270732,235.73,25326
경기도,2020,12,6287625,249.77,27928
경기도,2021,1,6295229,278.99,33082
경기도,2021,2,6307064,268.61,30886
경기도,2021,3,6324492,231.02,23777
경기도,2021,4,6350969,237.53,25084
경기도,2021,5,6363127,225.83,22961
경기도,2021,6,6371178,235.48,24508
경기도,2021,7,6383242,277.39,30499
경기도,2021,8,6395621,373.4,46793
경기도,2021,9,6412700,275.26,29287
경기도,2021,10,6419526,236.08,25740
경기도,2021,11,6432244,240.83,26593
경기도,2021,12,6443331,248.59,28006
경기도,2022,1,6440570,273.68,33011
경기도,2022,2,6465624,270.98,32529
경기도,2022,3,6472993,240.36,26526
경기도,2022,4,6445369,244.29,26676
경기도,2022,5,6454798,222.55,23685
경기도,2022,6,6468970,231.03,25075
경기도,2022,7,6482716,291.14,33726
경기도,2022,8,6494510,346.56,41254
경기도,2022,9,6513033,280.57,31148
경기도,2022,10,6533002,231.98,26186
경기도,2022,11,6552186,234.95,27739
경기도,2022,12,6562171,247.72,30002
경기도,2023,1,6576913,273.82,36970
경기도,2023,2,6586562,264.87,36966
경기도,2023,3,6600009,226.96,29310
경기도,2023,4,6611133,232.9,30511
경기도,2023,5,6623662,222.23,28696
경기도,2023,6,6632715,232.39,31986
경기도,2023,7,6647386,277.42,39325
경기도,2023,8,6657996,357.67,54172
경기도,2023,9,6676934,311.97,46332
경기도,2023,10,6693495,236.62,26072
경기도,2023,11,6708696,233.57,25661
경기도,2023,12,6718328,247.88,29790
경기도,2024,1,6734290,269.37,29494
경기도,2024,2,6744632,263.51,29739
경기도,2024,3,6750940,237.94,27976
경기도,2024,4,6763350,235.36,27669
경기도,2024,5,6774335,219.95,25273
경기도,2024,6,6781705,232.94,27550
경기도,2024,7,6798752,277.67,30456
경상남도,2020,1,1836129,221.81,24677
경상남도,2020,2,1842304,222.92,24917
경상남도,2020,3,1845433,208.37,22415
경상남도,2020,4,1846882,208.37,22804
경상남도,2020,5,1847125,195.66,20523
경상남도,2020,6,1847693,198.39,20709
경상남도,2020,7,1850631,204.09,19502
경상남도,2020,8,1851656,259.75,27135
경상남도,2020,9,1852832,265.6,30541
경상남도,2020,10,1853462,193.29,19593
경상남도,2020,11,1848767,201.97,21205
경상남도,2020,12,1849334,216.27,23664
경상남도,2021,1,1850706,240.4,28293
경상남도,2021,2,1851600,228.73,26024
경상남도,2021,3,1851931,200.75,20810
경상남도,2021,4,1854396,204.24,21797
경상남도,2021,5,1857098,193.36,19983
경상남도,2021,6,1858836,198.62,20531
경상남도,2021,7,1861340,228.02,23863
경상남도,2021,8,1862133,294.35,34089
경상남도,2021,9,1863632,237.06,25341
경상남도,2021,10,1864341,201.97,21579
경상남도,2021,11,1864864,204.35,22199
경상남도,2021,12,1865039,214.01,23775
경상남도,2022,1,1865630,234.03,27754
경상남도,2022,2,1863518,231.94,27348
경상남도,2022,3,1865456,205.96,22581
경상남도,2022,4,1867717,207.75,22556
경상남도,2022,5,1867876,190.44,20443
경상남도,2022,6,1869569,196.6,21430
경상남도,2022,7,1870356,246.87,27672
경상남도,2022,8,1871289,295.57,34123
경상남도,2022,9,1871185,241.0,26434
경상남도,2022,10,1871203,196.16,21973
경상남도,2022,11,1871248,198.82,23503
경상남도,2022,12,1873726,213.24,25552
경상남도,2023,1,1873851,234.75,31466
경상남도,2023,2,1875881,227.81,31650
경상남도,2023,3,1876775,195.61,25584
경상남도,2023,4,1879060,199.24,26380
경상남도,2023,5,1884639,191.56,25076
경상남도,2023,6,1887474,197.01,27280
경상남도,2023,7,1889731,228.14,31350
경상남도,2023,8,1890027,300.68,44305
경상남도,2023,9,1891739,265.04,38988
경상남도,2023,10,1894326,200.53,27894
경상남도,2023,11,1897437,194.88,27176
경상남도,2023,12,1900220,210.45,29903
경상남도,2024,1,1904859,228.01,28860
경상남도,2024,2,1906091,225.36,33024
경상남도,2024,3,1908779,205.61,29023
경상남도,2024,4,1913521,201.31,28428
경상남도,2024,5,1916246,186.66,25907
경상남도,2024,6,1913212,193.58,27682
경상남도,2024,7,1917948,236.46,28125
경상북도,2020,1,1586466,204.35,22420
경상북도,2020,2,1587795,205.79,22660
경상북도,2020,3,1586315,192.24,20467
경상북도,2020,4,1589412,193.7,20946
경상북도,2020,5,1589270,180.46,18596
경상북도,2020,6,1592342,182.99,18844
경상북도,2020,7,1595859,184.28,17370
경상북도,2020,8,1597363,224.7,21899
경상북도,2020,9,1599758,235.41,25734
경상북도,2020,10,1601855,177.8,17694
경상북도,2020,11,1603700,186.41,19258
경상북도,2020,12,1604539,197.33,21120
경상북도,2021,1,1605801,221.36,25215
경상북도,2021,2,1607704,212.17,23468
경상북도,2021,3,1608180,183.73,18254
경상북도,2021,4,1609182,187.99,19291
경상북도,2021,5,1609588,177.48,17581
경상북도,2021,6,1610450,181.86,17973
경상북도,2021,7,1613565,198.61,19355
경상북도,2021,8,1613993,257.7,27765
경상북도,2021,9,1615073,205.14,20132
경상북도,2021,10,1616599,183.19,19067
경상북도,2021,11,1619018,189.52,20297
경상북도,2021,12,1611831,197.47,21832
경상북도,2022,1,1613252,215.97,25480
경상북도,2022,2,1614484,215.32,25475
경상북도,2022,3,1615444,188.27,20535
경상북도,2022,4,1616380,191.71,20640
경상북도,2022,5,1617518,174.39,18570
경상북도,2022,6,1618669,181.41,19661
경상북도,2022,7,1619741,226.93,25409
경상북도,2022,8,1621103,255.61,27968
경상북도,2022,9,1622244,211.76,22353
경상북도,2022,10,1624693,177.79,19634
경상북도,2022,11,1626096,184.31,21725
경상북도,2022,12,1627174,196.45,23503
경상북도,2023,1,1629034,217.35,29119
경상북도,2023,2,1632220,211.6,29637
경상북도,2023,3,1633193,177.72,23152
경상북도,2023,4,1634549,181.48,24116
경상북도,2023,5,1636372,172.75,22651
경상북도,2023,6,1640918,177.35,24575
경상북도,2023,7,1641116,202.47,27714
경상북도,2023,8,1626567,261.69,37284
경상북도,2023,9,1627679,228.33,32291
경상북도,2023,10,1630208,180.02,24787
경상북도,2023,11,1636793,179.16,24980
경상북도,2023,12,1638667,192.35,27397
경상북도,2024,1,1643919,208.91,30947
경상북도,2024,2,1644894,206.65,30439
경상북도,2024,3,1646977,187.02,26348
경상북도,2024,4,1649597,182.94,25987
경상북도,2024,5,1651758,168.45,23504
경상북도,2024,6,1656261,175.79,25287
경상북도,2024,7,1658161,209.34,29450
광주광역시,2020,1,747606,240.06,25894
광주광역시,2020,2,748222,242.12,26306
광주광역시,2020,3,748985,226.31,23514
광주광역시,2020,4,752517,229.82,24332
광주광역시,2020,5,752566,216.18,21872
광주광역시,2020,6,754051,221.74,22611
광주광역시,2020,7,755194,229.39,21952
광주광역시,2020,8,754959,281.53,28076
광주광역시,2020,9,754799,309.31,36069
광주광역시,2020,10,756417,215.51,21554
광주광역시,2020,11,757159,220.92,22441
광주광역시,2020,12,758879,232.21,24371
광주광역시,2021,1,758548,258.89,28742
광주광역시,2021,2,760593,250.55,27180
광주광역시,2021,3,760166,217.41,21295
광주광역시,2021,4,761634,224.31,22602
광주광역시,2021,5,763368,211.77,20515
광주광역시,2021,6,763947,220.84,21817
광주광역시,2021,7,760941,249.66,25704
광주광역시,2021,8,761518,332.58,38519
광주광역시,2021,9,762210,269.5,28623
광주광역시,2021,10,763402,224.85,23680
광주광역시,2021,11,764926,223.83,23578
광주광역시,2021,12,770519,228.02,24425
광주광역시,2022,1,774491,247.79,28254
광주광역시,2022,2,774582,248.0,28314
광주광역시,2022,3,775540,219.96,23161
광주광역시,2022,4,776955,225.36,23564
광주광역시,2022,5,778855,205.05,20943
광주광역시,2022,6,779208,213.65,22148
광주광역시,2022,7,779834,269.72,29691
광주광역시,2022,8,779873,320.92,35864
광주광역시,2022,9,780579,276.56,30120
광주광역시,2022,10,781375,217.97,23700
광주광역시,2022,11,782606,214.22,24150
광주광역시,2022,12,782439,224.55,25618
광주광역시,2023,1,783091,247.05,31153
광주광역시,2023,2,783318,241.2,32016
광주광역시,2023,3,786074,207.4,25782
광주광역시,2023,4,787353,214.52,27077
광주광역시,2023,5,789482,204.69,25451
광주광역시,2023,6,790308,213.53,28225
광주광역시,2023,7,791540,248.68,33280
광주광역시,2023,8,794785,327.0,46807
광주광역시,2023,9,795186,298.17,43101
광주광역시,2023,10,795538,219.95,29852
광주광역시,2023,11,796687,210.7,28080
광주광역시,2023,12,796826,223.66,30326
광주광역시,2024,1,797850,241.97,34194
광주광역시,2024,2,798544,239.67,33731
광주광역시,2024,3,799295,218.17,29525
광주광역시,2024,4,799445,218.92,29743
광주광역시,2024,5,799973,203.51,26982
광주광역시,2024,6,801321,213.49,29000
광주광역시,2024,7,800985,255.28,34828
대구광역시,2020,1,1205330,241.59,26043
대구광역시,2020,2,1206343,242.79,26319
대구광역시,2020,3,1209408,229.16,23907
대구광역시,2020,4,1210346,231.15,24388
대구광역시,2020,5,1210674,215.54,21627
대구광역시,2020,6,1211536,224.73,23090
대구광역시,2020,7,1213348,230.36,22254
대구광역시,2020,8,1213860,277.18,27646
대구광역시,2020,9,1213655,306.72,35746
대구광역시,2020,10,1213029,212.65,20858
대구광역시,2020,11,1213173,221.71,22419
대구광역시,2020,12,1212734,232.74,24309
대구광역시,2021,1,1213769,259.98,28856
대구광역시,2021,2,1214816,251.63,27285
대구광역시,2021,3,1214843,218.16,21199
대구광역시,2021,4,1216366,224.53,22376
대구광역시,2021,5,1220023,210.84,20100
대구광역시,2021,6,1221778,220.48,21559
대구광역시,2021,7,1223107,244.62,23987
대구광역시,2021,8,1225851,324.78,35970
대구광역시,2021,9,1227672,254.19,25325
대구광역시,2021,10,1229858,218.22,22381
대구광역시,2021,11,1229480,223.43,23298
대구광역시,2021,12,1219772,230.6,24788
대구광역시,2022,1,1220497,251.49,28788
대구광역시,2022,2,1220904,251.98,28904
대구광역시,2022,3,1219746,222.6,23365
대구광역시,2022,4,1221948,227.63,23589
대구광역시,2022,5,1225740,207.97,21053
대구광역시,2022,6,1227517,222.42,23341
대구광역시,2022,7,1229277,289.66,33502
대구광역시,2022,8,1231359,329.94,37654
대구광역시,2022,9,1233449,268.57,28802
대구광역시,2022,10,1237344,213.02,22725
대구광역시,2022,11,1245348,216.17,24282
대구광역시,2022,12,1246549,227.01,26044
대구광역시,2023,1,1249247,249.91,31833
대구광역시,2023,2,1251683,245.1,32833
대구광역시,2023,3,1254773,209.25,25894
대구광역시,2023,4,1257144,215.16,26978
대구광역시,2023,5,1259016,205.07,25308
대구광역시,2023,6,1260614,217.29,28695
대구광역시,2023,7,1264992,252.73,34176
대구광역시,2023,8,1282781,330.11,47872
대구광역시,2023,9,1285395,293.78,42379
대구광역시,2023,10,1289847,217.42,29374
대구광역시,2023,11,1293382,211.24,28149
대구광역시,2023,12,1295295,224.01,30562
대구광역시,2024,1,1298246,243.13,34660
대구광역시,2024,2,1300410,240.62,34104
대구광역시,2024,3,1301220,219.1,29643
대구광역시,2024,4,1306289,218.04,29523
대구광역시,2024,5,1309985,201.36,26483
대구광역시,2024,6,1310739,215.72,29238
대구광역시,2024,7,1312068,264.29,29804
대전광역시,2020,1,779668,224.15,23499
대전광역시,2020,2,779990,225.45,23798
대전광역시,2020,3,781226,210.03,21133
대전광역시,2020,4,780729,215.11,22027
대전광역시,2020,5,782774,199.13,19347
대전광역시,2020,6,782461,205.89,20237
대전광역시,2020,7,782387,215.3,20448
대전광역시,2020,8,782198,246.71,22697
대전광역시,2020,9,782823,287.47,31857
대전광역시,2020,10,782895,198.71,19037
대전광역시,2020,11,783452,207.74,20529
대전광역시,2020,12,785231,216.89,22094
대전광역시,2021,1,785115,243.91,26435
대전광역시,2021,2,785595,239.46,25654
대전광역시,2021,3,785755,203.39,19313
대전광역시,2021,4,785582,212.09,20810
대전광역시,2021,5,788383,197.17,18417
대전광역시,2021,6,788831,206.66,19732
대전광역시,2021,7,780409,230.3,23196
대전광역시,2021,8,786124,318.35,36882
대전광역시,2021,9,787918,245.85,24861
대전광역시,2021,10,789208,202.78,20578
대전광역시,2021,11,789851,207.46,21410
대전광역시,2021,12,790402,213.67,22387
대전광역시,2022,1,790611,235.0,26326
대전광역시,2022,2,790812,236.92,26779
대전광역시,2022,3,790900,207.82,21521
대전광역시,2022,4,790677,215.63,22071
대전광역시,2022,5,791172,193.76,19317
대전광역시,2022,6,792555,200.47,20223
대전광역시,2022,7,792378,254.18,27762
대전광역시,2022,8,791264,303.74,33306
대전광역시,2022,9,791349,257.91,26935
대전광역시,2022,10,791544,203.31,21468
대전광역시,2022,11,794329,203.86,22748
대전광역시,2022,12,794615,213.26,24126
대전광역시,2023,1,795389,238.31,29910
대전광역시,2023,2,795499,234.66,31302
대전광역시,2023,3,796919,198.01,24456
대전광역시,2023,4,796992,205.46,25728
대전광역시,2023,5,797035,194.39,23889
대전광역시,2023,6,798727,203.28,26525
대전광역시,2023,7,801354,234.84,31395
대전광역시,2023,8,801636,306.56,42923
대전광역시,2023,9,801741,291.56,41555
대전광역시,2023,10,803093,208.85,28008
대전광역시,2023,11,805787,201.18,26563
대전광역시,2023,12,806623,212.04,28528
대전광역시,2024,1,808018,231.0,32462
대전광역시,2024,2,809324,230.71,32479
대전광역시,2024,3,811132,206.91,27765
대전광역시,2024,4,811573,207.98,28003
대전광역시,2024,5,814161,189.96,24877
대전광역시,2024,6,814515,201.19,26879
대전광역시,2024,7,815344,235.41,31707
부산광역시,2020,1,1692810,240.46,26621
부산광역시,2020,2,1695814,242.65,27035
부산광역시,2020,3,1697638,226.71,24090
부산광역시,2020,4,1701204,230.57,24828
부산광역시,2020,5,1701418,213.51,21771
부산광역시,2020,6,1704717,216.03,22054
부산광역시,2020,7,1705416,220.61,21000
부산광역시,2020,8,1704536,277.07,28599
부산광역시,2020,9,1707813,300.01,35631
부산광역시,2020,10,1707535,212.79,21455
부산광역시,2020,11,1708748,218.63,22432
부산광역시,2020,12,1714841,230.56,24643
부산광역시,2021,1,1716952,259.16,29547
부산광역시,2021,2,1717002,250.07,27727
부산광역시,2021,3,1719544,215.0,21305
부산광역시,2021,4,1721700,223.05,22741
부산광역시,2021,5,1726843,209.14,20396
부산광역시,2021,6,1728096,217.02,21543
부산광역시,2021,7,1731034,242.02,24276
부산광역시,2021,8,1730634,322.81,37161
부산광역시,2021,9,1730895,268.13,28709
부산광역시,2021,10,1733848,221.15,23435
부산광역시,2021,11,1736148,219.34,23105
부산광역시,2021,12,1738570,225.46,24124
부산광역시,2022,1,1737741,248.57,28506
부산광역시,2022,2,1717997,250.85,29315
부산광역시,2022,3,1722026,221.01,23670
부산광역시,2022,4,1726489,226.15,23949
부산광역시,2022,5,1728411,206.03,21192
부산광역시,2022,6,1730594,211.91,22059
부산광역시,2022,7,1733481,261.13,28750
부산광역시,2022,8,1737097,319.42,37149
부산광역시,2022,9,1736692,268.76,29837
부산광역시,2022,10,1736686,213.92,23354
부산광역시,2022,11,1737869,213.41,24144
부산광역시,2022,12,1739044,223.43,25746
부산광역시,2023,1,1740119,248.18,32034
부산광역시,2023,2,1742852,244.58,33159
부산광역시,2023,3,1743998,208.12,25983
부산광역시,2023,4,1746937,216.4,27512
부산광역시,2023,5,1752949,205.92,25758
부산광역시,2023,6,1756039,214.66,28518
부산광역시,2023,7,1759506,242.69,32493
부산광역시,2023,8,1763212,328.29,48406
부산광역시,2023,9,1764093,300.32,44699
부산광역시,2023,10,1764332,222.46,30677
부산광역시,2023,11,1766209,210.68,28233
부산광역시,2023,12,1766819,222.64,30527
부산광역시,2024,1,1768983,242.59,34755
부산광역시,2024,2,1772699,241.62,34557
부산광역시,2024,3,1776944,219.18,29933
부산광역시,2024,4,1777635,220.33,30140
부산광역시,2024,5,1778034,204.03,27059
부산광역시,2024,6,1780456,213.09,28761
부산광역시,2024,7,1781988,250.16,34155
서울특별시,2020,1,4705280,233.97,26193
서울특별시,2020,2,4707557,233.18,26031
서울특별시,2020,3,4714415,220.35,23630
서울특별시,2020,4,4723785,221.53,23921
서울특별시,2020,5,4731749,208.21,21524
서울특별시,2020,6,4738702,222.3,24056
서울특별시,2020,7,4746749,237.6,24826
서울특별시,2020,8,4751818,276.15,29781
서울특별시,2020,9,4756152,287.32,34306
서울특별시,2020,10,4763625,209.82,21730
서울특별시,2020,11,4772339,215.63,22803
서울특별시,2020,12,4774486,230.75,25610
서울특별시,2021,1,4777855,257.2,30216
서울특별시,2021,2,4784548,245.3,27807
서울특별시,2021,3,4787473,210.51,21305
서울특별시,2021,4,4793381,216.16,22312
서울특별시,2021,5,4798550,205.77,20498
서울특별시,2021,6,4803182,218.22,22594
서울특별시,2021,7,4809953,270.04,30938
서울특별시,2021,8,4810246,362.26,47660
서울특별시,2021,9,4814257,259.13,28247
서울특별시,2021,10,4816654,218.29,23838
서울특별시,2021,11,4820320,216.94,23609
서울특별시,2021,12,4825957,225.0,25115
서울특별시,2022,1,3995818,233.27,27293
서울특별시,2022,2,4761227,245.38,29316
서울특별시,2022,3,4764225,218.35,23943
서울특별시,2022,4,4768114,220.14,23731
서울특별시,2022,5,4770008,201.56,21156
서울특별시,2022,6,4773180,213.74,23177
서울특별시,2022,7,4779332,277.03,32985
서울특별시,2022,8,4786966,329.3,40713
서울특별시,2022,9,4790550,260.65,29601
서울특별시,2022,10,4795050,213.25,24285
서울특별시,2022,11,4801628,211.94,24904
서울특별시,2022,12,4803896,224.78,27243
서울특별시,2023,1,4807229,247.22,33227
서울특별시,2023,2,4813757,237.7,32909
서울특별시,2023,3,4818859,204.32,26256
서울특별시,2023,4,4821114,209.6,27168
서울특별시,2023,5,4825130,200.67,25795
서울특별시,2023,6,4828850,215.99,29845
서울특별시,2023,7,4834192,266.43,38599
서울특별시,2023,8,4838055,340.0,52895
서울특별시,2023,9,4843078,291.53,43930
서울특별시,2023,10,4848664,216.18,28357
서울특별시,2023,11,4857156,210.52,29064
서울특별시,2023,12,4870737,223.64,27903
서울특별시,2024,1,4874414,241.96,31450
서울특별시,2024,2,4877485,235.37,30234
서울특별시,2024,3,4880106,212.61,29629
서울특별시,2024,4,4882040,210.87,29231
서울특별시,2024,5,4885748,197.6,26766
서울특별시,2024,6,4890087,217.5,26717
서울특별시,2024,7,4890640,267.32,29916
세종특별자치시,2020,1,166462,272.72,29812
세종특별자치시,2020,2,166425,275.16,30368
세종특별자치시,2020,3,167551,256.59,26781
세종특별자치시,2020,4,169350,260.61,28001
세종특별자치시,2020,5,170352,241.36,24664
세종특별자치시,2020,6,172189,247.53,25488
세종특별자치시,2020,7,172280,259.25,26486
세종특별자치시,2020,8,173259,287.7,26875
세종특별자치시,2020,9,174884,363.07,43843
세종특별자치시,2020,10,175439,245.86,25185
세종특별자치시,2020,11,175718,248.33,25759
세종특별자치시,2020,12,177584,256.4,27251
세종특별자치시,2021,1,177603,287.63,32905
세종특별자치시,2021,2,177640,291.19,33496
세종특별자치시,2021,3,179034,242.89,24120
세종특별자치시,2021,4,181729,252.2,26483
세종특별자치시,2021,5,182064,235.05,23250
세종특별자치시,2021,6,182105,247.31,25091
세종특별자치시,2021,7,181737,262.42,27572
세종특별자치시,2021,8,181750,379.62,46490
세종특별자치시,2021,9,183728,316.13,34566
세종특별자치시,2021,10,184889,248.56,26061
세종특별자치시,2021,11,184935,253.33,27294
세종특별자치시,2021,12,185020,257.1,27773
세종특별자치시,2022,1,185670,282.32,33156
세종특별자치시,2022,2,185657,288.78,34577
세종특별자치시,2022,3,185680,256.63,27568
세종특별자치시,2022,4,185889,269.7,29213
세종특별자치시,2022,5,186004,242.57,25336
세종특별자치시,2022,6,186053,248.33,26127
세종특별자치시,2022,7,186157,291.24,33259
세종특별자치시,2022,8,186228,380.51,45286
세종특별자치시,2022,9,187301,352.45,40773
세종특별자치시,2022,10,187877,259.96,28261
세종특별자치시,2022,11,187952,257.61,29768
세종특별자치시,2022,12,188036,263.05,30522
세종특별자치시,2023,1,188082,297.45,38491
세종특별자치시,2023,2,188130,295.0,41278
세종특별자치시,2023,3,188256,250.0,31781
세종특별자치시,2023,4,188401,259.3,33688
세종특별자치시,2023,5,188935,245.57,31048
세종특별자치시,2023,6,189992,254.42,34042
세종특별자치시,2023,7,191456,278.24,38682
세종특별자치시,2023,8,191292,375.45,55388
세종특별자치시,2023,9,193264,384.01,59039
세종특별자치시,2023,10,193242,271.64,38870
세종특별자치시,2023,11,193490,250.68,34239
세종특별자치시,2023,12,193818,259.08,35788
세종특별자치시,2024,1,193822,285.25,41969
세종특별자치시,2024,2,193871,288.14,42669
세종특별자치시,2024,3,193910,258.33,35854
세종특별자치시,2024,4,194633,259.58,36365
세종특별자치시,2024,5,194641,239.96,32493
세종특별자치시,2024,6,194647,247.23,34053
세종특별자치시,2024,7,194963,277.32,38909
울산광역시,2020,1,576430,238.08,26351
울산광역시,2020,2,576344,241.79,27015
울산광역시,2020,3,576392,227.6,24385
울산광역시,2020,4,577010,231.96,25373
울산광역시,2020,5,577013,214.86,22304
울산광역시,2020,6,576940,216.95,22517
울산광역시,2020,7,577954,220.08,21499
울산광역시,2020,8,577690,268.19,26525
울산광역시,2020,9,577620,312.84,37326
울산광역시,2020,10,577815,214.84,21936
울산광역시,2020,11,578499,219.7,22864
울산광역시,2020,12,578726,229.16,24542
울산광역시,2021,1,578261,259.39,29626
울산광역시,2021,2,579012,252.72,28340
울산광역시,2021,3,578846,216.83,21677
울산광역시,2021,4,578899,226.37,23538
울산광역시,2021,5,578805,212.82,21252
울산광역시,2021,6,578214,220.27,22307
울산광역시,2021,7,577891,234.99,23330
울산광역시,2021,8,578043,323.54,36614
울산광역시,2021,9,578194,269.08,28067
울산광역시,2021,10,578757,223.38,23795
울산광역시,2021,11,578620,224.94,24164
울산광역시,2021,12,579143,227.69,24653
울산광역시,2022,1,579319,250.82,29052
울산광역시,2022,2,570267,254.09,30083
울산광역시,2022,3,570228,223.27,24321
울산광역시,2022,4,570590,231.37,24950
울산광역시,2022,5,570404,209.54,22038
울산광역시,2022,6,570296,216.4,23054
울산광역시,2022,7,570177,265.24,29920
울산광역시,2022,8,570897,320.77,36591
울산광역시,2022,9,573857,279.63,31164
울산광역시,2022,10,573803,216.42,23748
울산광역시,2022,11,574618,217.76,25258
울산광역시,2022,12,574405,225.45,26496
울산광역시,2023,1,574389,250.03,32455
울산광역시,2023,2,574333,248.29,34227
울산광역시,2023,3,574955,210.85,26918
울산광역시,2023,4,575727,218.39,28448
울산광역시,2023,5,577656,207.4,26418
울산광역시,2023,6,579297,214.75,29085
울산광역시,2023,7,580565,239.05,32534
울산광역시,2023,8,580493,324.63,47356
울산광역시,2023,9,580589,300.01,43928
울산광역시,2023,10,581196,223.62,31130
울산광역시,2023,11,581675,214.35,29376
울산광역시,2023,12,581868,225.35,31366
울산광역시,2024,1,584146,245.23,35734
울산광역시,2024,2,584381,247.29,36095
울산광역시,2024,3,584959,224.02,31180
울산광역시,2024,4,585030,224.06,31418
울산광역시,2024,5,585610,207.8,28271
울산광역시,2024,6,585131,214.44,29694
울산광역시,2024,7,585200,254.36,35698
인천광역시,2020,1,1395640,245.66,27528
인천광역시,2020,2,1398843,245.21,27435
인천광역시,2020,3,1401555,229.76,24584
인천광역시,2020,4,1403509,232.09,25213
인천광역시,2020,5,1405882,217.81,22596
인천광역시,2020,6,1407041,224.58,23657
인천광역시,2020,7,1408358,232.98,22964
인천광역시,2020,8,1412704,280.34,29259
인천광역시,2020,9,1414436,291.95,34128
인천광역시,2020,10,1416018,217.08,22384
인천광역시,2020,11,1421477,225.75,23869
인천광역시,2020,12,1422918,241.15,26621
인천광역시,2021,1,1428581,268.33,31296
인천광역시,2021,2,1432139,257.44,29090
인천광역시,2021,3,1433628,222.1,22564
인천광역시,2021,4,1438517,227.52,23652
인천광역시,2021,5,1439554,215.71,21563
인천광역시,2021,6,1442128,224.09,22860
인천광역시,2021,7,1438852,270.41,29753
인천광역시,2021,8,1445400,367.57,46625
인천광역시,2021,9,1448763,268.81,28966
인천광역시,2021,10,1449740,228.32,24755
인천광역시,2021,11,1454431,230.63,25077
인천광역시,2021,12,1458383,237.87,26419
인천광역시,2022,1,1472121,259.87,30823
인천광역시,2022,2,1473401,257.83,30267
인천광역시,2022,3,1478842,228.39,24751
인천광역시,2022,4,1473840,231.01,24763
인천광역시,2022,5,1476685,210.85,22000
인천광역시,2022,6,1480225,218.81,23278
인천광역시,2022,7,1485904,277.94,31722
인천광역시,2022,8,1489684,334.26,39769
인천광역시,2022,9,1491688,268.72,29758
인천광역시,2022,10,1494613,221.6,24798
인천광역시,2022,11,1495668,223.82,25988
인천광역시,2022,12,1505587,235.9,28165
인천광역시,2023,1,1513232,258.82,34373
인천광역시,2023,2,1514791,251.06,34418
인천광역시,2023,3,1516351,216.39,27611
인천광역시,2023,4,1526056,220.73,28497
인천광역시,2023,5,1527258,210.76,26882
인천광역시,2023,6,1533782,219.78,29863
인천광역시,2023,7,1537868,266.85,37521
인천광역시,2023,8,1542839,348.92,53252
인천광역시,2023,9,1545956,300.36,44924
인천광역시,2023,10,1548536,225.99,25292
인천광역시,2023,11,1550226,222.0,24528
인천광역시,2023,12,1552739,237.8,27049
인천광역시,2024,1,1553748,257.86,30582
인천광역시,2024,2,1556279,251.67,29560
인천광역시,2024,3,1558077,228.01,25379
인천광역시,2024,4,1560196,225.04,25022
인천광역시,2024,5,1568401,210.05,28290
인천광역시,2024,6,1573175,222.99,24755
인천광역시,2024,7,1575910,270.85,30471
전라남도,2020,1,1038960,212.49,24068
전라남도,2020,2,1039679,215.16,24533
전라남도,2020,3,1043162,196.96,21475
전라남도,2020,4,1046390,199.42,22625
전라남도,2020,5,1047139,187.61,20351
전라남도,2020,6,1049196,187.56,19919
전라남도,2020,7,1051168,190.47,18414
전라남도,2020,8,1053399,240.79,24756
전라남도,2020,9,1056018,249.64,28613
전라남도,2020,10,1057091,183.84,19058
전라남도,2020,11,1059067,190.9,20378
전라남도,2020,12,1060399,203.66,22398
전라남도,2021,1,1061990,227.64,26575
전라남도,2021,2,1065215,219.71,25112
전라남도,2021,3,1067970,189.46,19608
전라남도,2021,4,1071696,193.04,20868
전라남도,2021,5,1071950,181.82,19058
전라남도,2021,6,1074699,185.37,19359
전라남도,2021,7,1073630,207.12,22081
전라남도,2021,8,1075007,268.74,31446
전라남도,2021,9,1076783,223.89,24579
전라남도,2021,10,1077656,189.88,20961
전라남도,2021,11,1079924,191.02,21371
전라남도,2021,12,1082556,199.47,22662
전라남도,2022,1,1083606,219.62,26740
전라남도,2022,2,1085191,220.21,27032
전라남도,2022,3,1086294,190.96,21771
전라남도,2022,4,1090388,195.49,22193
전라남도,2022,5,1092167,176.75,19941
전라남도,2022,6,1096486,179.58,20372
전라남도,2022,7,1098005,219.84,24998
전라남도,2022,8,1099075,263.39,30405
전라남도,2022,9,1100812,224.43,25292
전라남도,2022,10,1101772,181.1,21099
전라남도,2022,11,1102708,182.78,22607
전라남도,2022,12,1104374,196.74,24198
전라남도,2023,1,1105285,218.76,29991
전라남도,2023,2,1107938,214.21,30960
전라남도,2023,3,1108880,180.01,24617
전라남도,2023,4,1110446,186.15,25950
전라남도,2023,5,1111740,178.25,24245
전라남도,2023,6,1112980,181.24,26196
전라남도,2023,7,1113396,206.55,28973
전라남도,2023,8,1116401,270.14,40004
전라남도,2023,9,1117146,244.41,36781
전라남도,2023,10,1119069,186.43,26988
전라남도,2023,11,1120288,180.55,26332
전라남도,2023,12,1122556,195.85,28607
전라남도,2024,1,1123466,214.33,32561
전라남도,2024,2,1125639,212.47,32326
전라남도,2024,3,1126284,190.31,27957
전라남도,2024,4,1128009,188.13,27877
전라남도,2024,5,1129996,173.51,25488
전라남도,2024,6,1130813,176.37,26973
전라남도,2024,7,1136158,208.43,30000
전라북도,2020,1,1006872,219.32,24310
전라북도,2020,2,1008562,222.38,24932
전라북도,2020,3,1009574,203.6,21821
전라북도,2020,4,1012745,206.78,23028
전라북도,2020,5,1014255,193.35,20572
전라북도,2020,6,1016263,194.58,20441
전라북도,2020,7,1017757,196.42,18861
전라북도,2020,8,1019073,237.14,22933
전라북도,2020,9,1020552,261.56,29377
전라북도,2020,10,1021556,190.47,19504
전라북도,2020,11,1022494,199.42,21031
전라북도,2020,12,1025517,211.19,22857
전라북도,2021,1,1027590,236.66,27182
전라북도,2021,2,1029074,228.98,25808
전라북도,2021,3,1030950,195.07,19751
전라북도,2021,4,1033076,202.07,21480
전라북도,2021,5,1034447,189.06,19314
전라북도,2021,6,1035353,193.25,19737
전라북도,2021,7,1029926,211.57,22027
전라북도,2021,8,1030157,281.44,32376
전라북도,2021,9,1030769,228.72,24044
전라북도,2021,10,1031780,195.14,21042
전라북도,2021,11,1034276,199.62,21863
전라북도,2021,12,1034692,208.43,23095
전라북도,2022,1,1038605,227.03,26897
전라북도,2022,2,1040751,228.39,27395
전라북도,2022,3,1041940,197.62,21863
전라북도,2022,4,1043932,203.81,22518
전라북도,2022,5,1044504,183.11,20197
전라북도,2022,6,1045550,186.7,20713
전라북도,2022,7,1047471,225.72,25033
전라북도,2022,8,1048279,269.52,29754
전라북도,2022,9,1049695,232.79,25055
전라북도,2022,10,1050648,188.96,21355
전라북도,2022,11,1052179,191.7,22996
전라북도,2022,12,1054602,204.12,24424
전라북도,2023,1,1055749,227.53,30164
전라북도,2023,2,1056826,222.07,31315
전라북도,2023,3,1059832,186.14,24714
전라북도,2023,4,1061614,192.19,26187
전라북도,2023,5,1062207,181.77,24195
전라북도,2023,6,1063654,185.76,26261
전라북도,2023,7,1063407,209.35,29004
전라북도,2023,8,1067243,274.11,39458
전라북도,2023,9,1067875,250.64,36431
전라북도,2023,10,1069730,190.68,26805
전라북도,2023,11,1071144,187.57,26506
전라북도,2023,12,1072709,202.14,28638
전라북도,2024,1,1075108,219.96,32359
전라북도,2024,2,1076412,217.39,32103
전라북도,2024,3,1077010,194.73,27692
전라북도,2024,4,1077547,193.27,27979
전라북도,2024,5,1078137,177.43,25402
전라북도,2024,6,1080602,182.21,27138
전라북도,2024,7,1081674,210.53,29674
제추특별자치도,2020,1,363042,219.67,25995
제추특별자치도,2020,2,364398,186.9,26484
제추특별자치도,2020,3,365510,204.05,19501
제추특별자치도,2020,4,366544,201.78,23431
제추특별자치도,2020,5,367097,185.36,20463
제추특별자치도,2020,6,367423,187.61,17147
제추특별자치도,2020,7,367482,201.65,20804
제추특별자치도,2020,8,367629,281.65,34282
제추특별자치도,2020,9,368154,277.94,36111
제추특별자치도,2020,10,368938,183.44,19341
제추특별자치도,2020,11,362765,189.11,20761
제추특별자치도,2020,12,362961,209.01,24260
제추특별자치도,2021,1,363728,243.29,31804
제추특별자치도,2021,2,364874,228.35,28683
제추특별자치도,2021,3,364979,196.98,22120
제추특별자치도,2021,4,365939,198.68,22996
제추특별자치도,2021,5,366284,184.69,20630
제추특별자치도,2021,6,367129,193.95,22032
제추특별자치도,2021,7,367398,238.77,28546
제추특별자치도,2021,8,367650,306.1,40277
제추특별자치도,2021,9,368033,267.56,34378
제추특별자치도,2021,10,368490,212.67,25747
제추특별자치도,2021,11,368840,198.86,23109
제추특별자치도,2021,12,369111,209.66,25059
제추특별자치도,2022,1,369935,238.46,31091
제추특별자치도,2022,2,370643,239.94,31592
제추특별자치도,2022,3,371150,210.42,25403
제추특별자치도,2022,4,371600,206.24,24494
제추특별자치도,2022,5,372062,184.63,21332
제추특별자치도,2022,6,372395,190.67,22290
제추특별자치도,2022,7,372672,265.73,34416
제추특별자치도,2022,8,373098,333.17,46213
제추특별자치도,2022,9,373285,272.55,35533
제추특별자치도,2022,10,373637,196.15,23988
제추특별자치도,2022,11,374134,191.07,24070
제추특별자치도,2022,12,374666,211.55,27350
제추특별자치도,2023,1,375261,242.44,35693
제추특별자치도,2023,2,376160,236.6,36217
제추특별자치도,2023,3,376510,198.35,28099
제추특별자치도,2023,4,376878,198.77,28538
제추특별자치도,2023,5,377595,188.8,26592
제추특별자치도,2023,6,377886,195.74,29152
제추특별자치도,2023,7,378571,248.71,38187
제추특별자치도,2023,8,378891,330.27,55213
제추특별자치도,2023,9,379309,288.27,47986
제추특별자치도,2023,10,380667,204.84,31334
제추특별자치도,2023,11,381793,186.42,27608
제추특별자치도,2023,12,382398,209.28,31744
제추특별자치도,2024,1,382915,232.87,12835
제추특별자치도,2024,2,383878,232.84,12879
제추특별자치도,2024,3,384418,209.69,32187
제추특별자치도,2024,4,384902,201.91,30810
제추특별자치도,2024,5,385220,183.49,27499
제추특별자치도,2024,6,385756,188.97,28954
제추특별자치도,2024,7,385999,256.29,13705
충청남도,2020,1,1229420,215.44,23820
충청남도,2020,2,1230425,216.18,24047
충청남도,2020,3,1231885,200.39,21277
충청남도,2020,4,1234942,202.56,22226
충청남도,2020,5,1235777,189.48,19761
충청남도,2020,6,1237991,192.67,20034
충청남도,2020,7,1240509,198.04,19319
충청남도,2020,8,1241393,234.14,22901
충청남도,2020,9,1242730,259.95,29317
충청남도,2020,10,1244779,188.8,19197
충청남도,2020,11,1249933,196.26,20559
충청남도,2020,12,1252047,207.59,22392
충청남도,2021,1,1254167,234.32,27110
충청남도,2021,2,1255123,227.71,25815
충청남도,2021,3,1257988,192.6,19449
충청남도,2021,4,1259479,198.36,20845
충청남도,2021,5,1260310,186.86,18796
충청남도,2021,6,1263010,193.61,19674
충청남도,2021,7,1258456,214.73,22729
충청남도,2021,8,1261695,293.02,34952
충청남도,2021,9,1263372,230.01,24372
충청남도,2021,10,1264705,194.7,20900
충청남도,2021,11,1268805,198.68,21678
충청남도,2021,12,1271992,206.76,23003
충청남도,2022,1,1275427,228.0,27346
충청남도,2022,2,1278025,228.02,27557
충청남도,2022,3,1279010,198.19,21954
충청남도,2022,4,1280191,203.17,22348
충청남도,2022,5,1285538,182.13,19945
충청남도,2022,6,1291567,186.78,20600
충청남도,2022,7,1294411,228.9,25889
충청남도,2022,8,1296354,275.22,31528
충청남도,2022,9,1297418,233.11,25585
충청남도,2022,10,1301233,189.74,21489
충청남도,2022,11,1306082,191.81,22980
충청남도,2022,12,1309373,204.05,24728
충청남도,2023,1,1313631,228.69,30965
충청남도,2023,2,1315601,222.99,31786
충청남도,2023,3,1316053,186.63,24841
충청남도,2023,4,1324957,190.48,25876
충청남도,2023,5,1325407,180.67,24054
충청남도,2023,6,1329754,187.06,26381
충청남도,2023,7,1332533,215.54,30375
충청남도,2023,8,1340319,280.69,41319
충청남도,2023,9,1341543,255.88,37683
충청남도,2023,10,1344947,192.97,27217
충청남도,2023,11,1349363,188.69,26502
충청남도,2023,12,1350090,203.13,29036
충청남도,2024,1,1352518,223.42,33390
충청남도,2024,2,1354940,220.63,32936
충청남도,2024,3,1355557,196.31,28013
충청남도,2024,4,1361419,193.19,27929
충청남도,2024,5,1363894,178.02,25359
충청남도,2024,6,1366788,185.66,27246
충청남도,2024,7,1369858,217.29,31067
충청북도,2020,1,926680,213.85,23974
충청북도,2020,2,929059,213.02,23962
충청북도,2020,3,932635,196.63,21124
충청북도,2020,4,934399,199.1,22123
충청북도,2020,5,936097,185.5,19603
충청북도,2020,6,937749,189.74,20186
충청북도,2020,7,939451,194.56,19236
충청북도,2020,8,942656,226.53,22079
충청북도,2020,9,944943,251.35,28398
충청북도,2020,10,946587,183.28,18755
충청북도,2020,11,948360,194.47,20696
충청북도,2020,12,948561,206.54,22554
충청북도,2021,1,950804,233.02,27959
충청북도,2021,2,952440,225.5,26403
충청북도,2021,3,953070,189.46,19778
충청북도,2021,4,954780,194.98,21162
충청북도,2021,5,956971,182.37,18976
충청북도,2021,6,958975,189.34,19870
충청북도,2021,7,960173,207.97,21937
충청북도,2021,8,960868,284.9,33913
충청북도,2021,9,963144,218.58,22790
충청북도,2021,10,963847,188.36,20107
충청북도,2021,11,965713,197.05,21643
충청북도,2021,12,966897,204.48,22829
충청북도,2022,1,967573,226.26,27192
충청북도,2022,2,970148,226.29,27447
충청북도,2022,3,970627,195.39,21712
충청북도,2022,4,971194,201.12,22131
충청북도,2022,5,973304,179.51,19608
충청북도,2022,6,974071,184.66,20388
충청북도,2022,7,976218,231.28,26309
충청북도,2022,8,977016,273.22,31080
충청북도,2022,9,978714,228.59,24826
충청북도,2022,10,979615,187.11,21143
충청북도,2022,11,981398,193.18,23197
충청북도,2022,12,982178,206.01,25018
충청북도,2023,1,984960,231.67,31566
충청북도,2023,2,985443,224.79,32097
충청북도,2023,3,987651,185.15,24559
충청북도,2023,4,988723,189.9,25803
충청북도,2023,5,992171,178.65,23753
충청북도,2023,6,992625,184.74,26176
충청북도,2023,7,993614,214.2,30193
충청북도,2023,8,995091,279.4,40865
충청북도,2023,9,996731,252.8,36919
충청북도,2023,10,999976,190.31,26834
충청북도,2023,11,1003034,189.55,26783
충청북도,2023,12,1005632,202.0,29041
충청북도,2024,1,1006622,222.74,33410
충청북도,2024,2,1007371,219.92,32938
충청북도,2024,3,1007914,194.9,27819
충청북도,2024,4,1011385,191.8,27804
충청북도,2024,5,1012707,175.15,25019
충청북도,2024,6,1013963,183.53,27043
충청북도,2024,7,1016479,213.73,30462
